{"cameraMode":{"drawMode":0,"name":"Shaded","section":"Shading Mode"},"sceneLighting":false,"audioPlay":false,"sceneViewState":{"m_AlwaysRefresh":false,"showFog":true,"showSkybox":false,"showFlares":true,"showImageEffects":true,"showParticleSystems":true,"showVisualEffectGraphs":true,"m_FxEnabled":true},"in2DMode":false,"pivot":{"x":-2.602782726287842,"y":2.890000820159912,"z":12.848230361938477},"rotation":{"x":0.6974684596061707,"y":-0.006449591368436813,"z":0.006277100648730993,"w":0.7165600061416626},"size":7.661904335021973,"orthographic":false}