{"cameraMode":{"drawMode":0,"name":"Shaded","section":"Shading Mode"},"sceneLighting":false,"audioPlay":false,"sceneViewState":{"m_AlwaysRefresh":false,"showFog":true,"showSkybox":false,"showFlares":true,"showImageEffects":true,"showParticleSystems":true,"showVisualEffectGraphs":true,"m_FxEnabled":true},"in2DMode":false,"pivot":{"x":-5.514537811279297,"y":3.355318546295166,"z":0.43633365631103518},"rotation":{"x":0.6974684596061707,"y":-0.006449591368436813,"z":0.006277100648730993,"w":0.7165600061416626},"size":9.580365180969239,"orthographic":false}